Product Name,Category,Scent Family,Price Range (₹),Status
Woody Rasa for Men,Attar,Arabic,₹100.00 - ₹400.00,In Stock
1001 Nights by Al Haramain,Attar,Arabic,₹150.00 - ₹600.00,In Stock
Aoud Vanille by Mancera,Attar,Arabic,₹100.00 - ₹400.00,In Stock
Ahlaam by Al Haramain,Attar,Arabic,₹150.00 - ₹600.00,SOLD OUT
Ahlaam Super by Al Haramain,Attar,Arabic,₹500.00 - ₹2000.00,SOLD OUT
Ameer Al Oud by Al Haramain,Attar,Arabic,₹150.00 - ₹600.00,BEST SELLER
Arabi Muqallat by Al Haramain,Attar,Arabic,₹100.00 - ₹400.00,In Stock
Areej by Al Haramain,Attar,Arabic,₹100.00 - ₹400.00,In Stock
Bakhoor by Al Haramain,Attar,Arabic,₹100.00 - ₹400.00,In Stock
Burj Khalifa by Al Haramain,Attar,Arabic,₹150.00 - ₹600.00,In Stock
Aseel A.O.,Attar,Arabic,₹100.00 - ₹400.00,In Stock
Hawas by Rasasi,Attar,Arabic,₹100.00 - ₹400.00,BEST SELLER
Shuhrah by Rasasi,Attar,Arabic,₹100.00 - ₹400.00,In Stock
Faqat Lil Rijal by Rasasi,Attar,Arabic,₹150.00 - ₹600.00,In Stock
Honey Oud by Al Haramain,Attar,Arabic,₹150.00 - ₹600.00,BEST SELLER
Mont White Oud by Al Haramain,Attar,Arabic,₹150.00 - ₹600.00,In Stock
Oud for Glory by Lattafa Perfumes,Attar,Arabic,₹100.00 - ₹400.00,In Stock
Oud for Greatness,Attar,Arabic,₹150.00 - ₹600.00,BEST SELLER
Al Wisam by Al Haramain,Attar,Arabic,₹150.00 - ₹600.00,In Stock
Muqallat Al Oud by Rasasi,Attar,Arabic,₹100.00 - ₹400.00,SOLD OUT
Musk Rijali,Attar,Arabic,₹150.00 - ₹600.00,In Stock
Oud Muqallat,Attar,Arabic,₹600.00 - ₹1200.00,In Stock
Khususi by Al Haramain,Attar,Arabic,₹100.00 - ₹400.00,In Stock
Mumtaz by Al Haramain,Attar,Arabic,₹150.00 - ₹600.00,BEST SELLER
Oriental Oud by Al Haramain,Attar,Arabic,₹150.00 - ₹600.00,In Stock
Oud Wood by Tom Ford,Attar,Arabic,₹100.00 - ₹400.00,In Stock
Oudh Rajali by Al Haramain,Attar,Arabic,₹500.00 - ₹2000.00,In Stock
Sabaya by Al Haramain,Attar,Arabic,₹100.00 - ₹400.00,In Stock
White Musk ASQ by Al Haramain,Attar,Arabic,₹150.00 - ₹600.00,In Stock
1001 Nights Ultra Super,Attar,Arabic,₹250.00 - ₹1000.00,In Stock
Ajmal Khallab,Attar,Arabic,₹150.00 - ₹600.00,In Stock
Amber ~ 5,Attar,Arabic,₹150.00 - ₹500.00,In Stock
Amiri Arabian Oud,Attar,Arabic,₹200.00 - ₹800.00,In Stock
Resalah Arabian Oud,Attar,Arabic,₹100.00 - ₹400.00,In Stock
Al Haramain Oudi,Attar,Arabic,₹100.00 - ₹400.00,In Stock
Arabians Tonka Montale,Attar,Arabic,₹150.00 - ₹600.00,In Stock
Qaed Al Fursan,Perfume,Arabic,₹150.00 - ₹1200.00,In Stock
Woody Rasa for Men,Perfume,Arabic,₹100.00 - ₹800.00,In Stock
1001 Nights by Al Haramain,Perfume,Arabic,₹150.00 - ₹1200.00,In Stock
Aoud Vanille by Mancera,Perfume,Arabic,₹100.00 - ₹800.00,In Stock
Ahlaam by Al Haramain,Perfume,Arabic,₹100.00 - ₹800.00,SOLD OUT
Al Wisam by Al Haramain,Perfume,Arabic,₹150.00 - ₹1200.00,In Stock
Ameer Al Oud by Al Haramain,Perfume,Arabic,₹100.00 - ₹800.00,In Stock
Arabi Muqallat by Al Haramain,Perfume,Arabic,₹100.00 - ₹800.00,In Stock
Areej by Al Haramain,Perfume,Arabic,₹100.00 - ₹800.00,In Stock
Aseel A.O.,Perfume,Arabic,₹100.00 - ₹800.00,In Stock
Bakhoor by Al Haramain,Perfume,Arabic,₹100.00 - ₹800.00,In Stock
Ward Taifi by Al Haramain,Perfume,Arabic,₹100.00 - ₹800.00,In Stock
Burj Khalifa by Al Haramain,Perfume,Arabic,₹100.00 - ₹800.00,In Stock
Hawas by Rasasi,Perfume,Arabic,₹100.00 - ₹800.00,BEST SELLER
Oud for Glory by Lattafa Perfumes,Perfume,Arabic,₹100.00 - ₹800.00,In Stock
Oud for Greatness,Perfume,Arabic,₹200.00 - ₹1500.00,In Stock
Shuhrah by Rasasi,Perfume,Arabic,₹100.00 - ₹800.00,In Stock
Faqat Lil Rijal by Rasasi,Perfume,Arabic,₹150.00 - ₹1200.00,In Stock
Honey Oud by Al Haramain,Perfume,Arabic,₹150.00 - ₹1200.00,In Stock
Khususi by Al Haramain,Perfume,Arabic,₹100.00 - ₹800.00,In Stock
Mumtaz by Al Haramain,Perfume,Arabic,₹100.00 - ₹800.00,In Stock
1001 Nights Ultra Super,Perfume,Arabic,₹300.00 - ₹2500.00,In Stock
Muqallat Al Oud by Rasasi,Perfume,Arabic,₹100.00 - ₹800.00,SOLD OUT
Musk Rijali,Perfume,Arabic,₹150.00 - ₹1200.00,In Stock
Oud Muqallat,Perfume,Arabic,₹200.00 - ₹1500.00,In Stock
Oriental Oud by Al Haramain,Perfume,Arabic,₹100.00 - ₹800.00,In Stock
Oud Wood by Tom Ford,Perfume,Arabic,₹100.00 - ₹800.00,In Stock
Oudh Rajali by Al Haramain,Perfume,Arabic,₹500.00 - ₹3500.00,In Stock
Royal Sultan by Al Haramain,Perfume,Arabic,₹100.00 - ₹800.00,In Stock
Sabaya by Al Haramain,Perfume,Arabic,₹100.00 - ₹800.00,In Stock
Amiri Arabian Oud,Perfume,Arabic,₹200.00 - ₹1500.00,In Stock
Super Oud Wood,Perfume,Arabic,₹200.00 - ₹1500.00,In Stock
Wisal Gold by Al Haramain (Inspired),Perfume,Arabic,₹200.00 - ₹1500.00,In Stock
Night Oud Super,Attar,Arabic,₹150.00 - ₹600.00,In Stock
White Musk ASQ by Al Haramain,Perfume,Arabic,₹100.00 - ₹800.00,In Stock
Mont White Oud by Al Haramain,Perfume,Arabic,₹150.00 - ₹1200.00,In Stock
Ajmal Khallab,Perfume,Arabic,₹150.00 - ₹1200.00,In Stock
Amber ~ 5,Perfume,Arabic,₹150.00 - ₹1200.00,In Stock
Resalah Arabian Oud,Perfume,Arabic,₹100.00 - ₹800.00,In Stock
Al Haramain Oudi,Perfume,Arabic,₹100.00 - ₹800.00,In Stock
Arabians Tonka Montale,Perfume,Arabic,₹150.00 - ₹1200.00,In Stock
Attar Al Oud Rasasi,Perfume,Arabic,₹100.00 - ₹800.00,In Stock
Barbecue Rose,Perfume,Arabic,₹100.00 - ₹800.00,In Stock
Bin Shaik Eco,Perfume,Arabic,₹200.00 - ₹1500.00,In Stock
Bin Shaikh Super,Perfume,Arabic,₹300.00 - ₹2500.00,In Stock
Dirham,Perfume,Arabic,₹100.00 - ₹800.00,In Stock
Fasli Gulab,Perfume,Arabic,₹100.00 - ₹800.00,In Stock
Hanan,Perfume,Arabic,₹100.00 - ₹800.00,In Stock
Hudson Valley Gissah,Perfume,Arabic,₹150.00 - ₹1200.00,In Stock
Imperial Valley Eco,Perfume,Arabic,₹100.00 - ₹800.00,In Stock
Imperial Valley Super,Perfume,Arabic,₹200.00 - ₹1500.00,In Stock
Kenzo Homme Marine,Perfume,Arabic,₹150.00 - ₹1200.00,In Stock
Khallab Super,Perfume,Arabic,₹200.00 - ₹1500.00,In Stock
Khamrah,Perfume,Arabic,₹100.00 - ₹800.00,In Stock
Khamrah Kahwa,Perfume,Arabic,₹100.00 - ₹800.00,In Stock
La Luna Valley,Perfume,Arabic,₹200.00 - ₹1200.00,In Stock
Madawi,Perfume,Arabic,₹150.00 - ₹1200.00,In Stock
Madawi Gold,Perfume,Arabic,₹300.00 - ₹2500.00,In Stock
Marj Super,Perfume,Arabic,₹200.00 - ₹1500.00,In Stock
Moody Arabian,Perfume,Arabic,₹100.00 - ₹800.00,In Stock
Muqallat Shams,Perfume,Arabic,₹200.00 - ₹1500.00,SOLD OUT
Noora Swiss,Perfume,Arabic,₹100.00 - ₹800.00,In Stock
One and Only Gissah,Perfume,Arabic,₹100.00 - ₹800.00,In Stock
Oud & Roses by Ahmed,Perfume,Arabic,₹150.00 - ₹1200.00,In Stock
Oud Ispahan,Perfume,Arabic,₹100.00 - ₹800.00,SOLD OUT
Oud Ispahan Super,Perfume,Arabic,₹300.00 - ₹2500.00,In Stock
Oud Maracuja,Perfume,Arabic,₹300.00 - ₹2500.00,In Stock
Qamar Al Layl,Perfume,Arabic,₹100.00 - ₹800.00,In Stock
Qurashi Blend,Perfume,Arabic,₹200.00 - ₹1500.00,In Stock
Shanaya Super,Perfume,Arabic,₹100.00 - ₹800.00,In Stock
Summer Oud,Perfume,Arabic,₹200.00 - ₹1500.00,In Stock
Swiss Muqallat Maliki,Perfume,Arabic,₹100.00 - ₹800.00,In Stock
The Moon FM,Perfume,Arabic,₹400.00 - ₹3500.00,In Stock
Shaghaf Oud,Perfume,Arabic,₹150.00 - ₹1200.00,In Stock
Wow Oud by Al Haramain,Perfume,Arabic,₹150.00 - ₹1200.00,In Stock
1 Million Lucky,Attar,French,₹100.00 - ₹400.00,BEST SELLER
One Million,Attar,French,₹100.00 - ₹400.00,In Stock
212 VIP Men,Attar,French,₹100.00 - ₹400.00,In Stock
Aqua by Bvlgari,Attar,French,₹100.00 - ₹400.00,In Stock
Armani Code Profumo,Attar,French,₹150.00 - ₹600.00,In Stock
Aventus by Creed,Attar,French,₹100.00 - ₹400.00,BEST SELLER
Baccarat Rouge 540 by MFK,Attar,French,₹100.00 - ₹400.00,In Stock
Bleu de Chanel,Attar,French,₹100.00 - ₹400.00,In Stock
Bombshell by Victoria Secret,Attar,French,₹100.00 - ₹400.00,SOLD OUT
Black XS L'Exces,Attar,French,₹100.00 - ₹400.00,In Stock
Cool Water Men,Attar,French,₹100.00 - ₹400.00,In Stock
Versace Dylan Blue,Attar,French,₹100.00 - ₹400.00,In Stock
Classic for Men,Attar,French,₹100.00 - ₹400.00,In Stock
Jaguar Black for Men,Attar,French,₹100.00 - ₹400.00,In Stock
Dahlia Divin Givenchy,Attar,French,₹100.00 - ₹400.00,In Stock
Black Orchid by Tom Ford,Attar,French,₹100.00 - ₹400.00,In Stock
Montale Day Dream,Attar,French,₹100.00 - ₹400.00,In Stock
Guc Flora by Gucci,Attar,French,₹100.00 - ₹400.00,In Stock
Allure Homme Sport Super,Attar,French,₹150.00 - ₹600.00,In Stock
Bleu De Chanel Super,Attar,French,₹150.00 - ₹600.00,In Stock
Bvl Tygar by Bvlgari,Attar,French,₹250.00 - ₹1000.00,BEST SELLER
Aurum by Ajmal,Attar,French,₹100.00 - ₹400.00,In Stock
CK One,Attar,French,₹100.00 - ₹400.00,SOLD OUT
Club de Nuit Intense Man by Armaf,Attar,French,₹150.00 - ₹600.00,In Stock
Hawas Super by Rasasi,Attar,French,₹150.00 - ₹600.00,BEST SELLER
Invictus by Paco Rabanne,Attar,French,₹100.00 - ₹400.00,In Stock
Invictus Onyx,Attar,French,₹100.00 - ₹400.00,In Stock
Issey Miyake Pour Homme Intense,Attar,French,₹150.00 - ₹600.00,In Stock
Ombre Leather by Tom Ford,Attar,French,₹150.00 - ₹600.00,In Stock
Y by YSL,Attar,French,₹100.00 - ₹400.00,In Stock
Lacoste L.12.12 White,Attar,French,₹100.00 - ₹400.00,In Stock
Lady Million by Paco Rabanne,Attar,French,₹100.00 - ₹400.00,In Stock
Legend by Montblanc,Attar,French,₹100.00 - ₹400.00,In Stock
Burberry London,Attar,French,₹100.00 - ₹400.00,In Stock
Sauvage by Dior,Attar,French,₹100.00 - ₹400.00,In Stock
Armani Si,Attar,French,₹100.00 - ₹400.00,In Stock
Silver Mountain Water by Creed,Perfume,French,₹100.00 - ₹800.00,In Stock
Silver Mountain Water by Creed,Attar,French,₹100.00 - ₹400.00,In Stock
212 VIP Black,Attar,French,₹150.00 - ₹600.00,In Stock
Tobacco Vanille by Tom Ford,Attar,French,₹100.00 - ₹400.00,In Stock
Tobacco Vanille Super,Attar,French,₹150.00 - ₹600.00,In Stock
YSL Y Super,Attar,French,₹150.00 - ₹600.00,In Stock
Explorer by Montblanc,Attar,French,₹100.00 - ₹400.00,In Stock
La Nuit Trésor by Lancôme,Attar,French,₹100.00 - ₹400.00,In Stock
Legend Red by Montblanc,Attar,French,₹100.00 - ₹400.00,In Stock
Starwalker by Montblanc,Attar,French,₹100.00 - ₹400.00,In Stock
Y Le Parfum by YSL,Attar,French,₹100.00 - ₹400.00,In Stock
Versace Bright Crystal,Attar,French,₹100.00 - ₹400.00,In Stock
Versace Man Eau Fraîche,Attar,French,₹100.00 - ₹400.00,In Stock
Armani Acqua Di Giò Profondo,Attar,French,₹200.00 - ₹800.00,In Stock
Aurum Super by Ajmal,Attar,French,₹150.00 - ₹600.00,In Stock
Aventus Super by Creed,Attar,French,₹200.00 - ₹800.00,In Stock
Cool Water Freeze,Attar,French,₹100.00 - ₹400.00,In Stock
Cool Water Grapefruit,Attar,French,₹100.00 - ₹400.00,In Stock
Dior Homme Intense,Attar,French,₹150.00 - ₹600.00,In Stock
Tom Ford Fucking Fabulous Super,Attar,French,₹200.00 - ₹800.00,In Stock
Ombre Nomade Super by Louis Vuitton,Attar,French,₹200.00 - ₹800.00,In Stock
Oud Satin Mood by MFK,Attar,French,₹100.00 - ₹400.00,In Stock
Polo Sport by Ralph Lauren,Attar,French,₹100.00 - ₹400.00,In Stock
Prada L'Homme,Attar,French,₹150.00 - ₹600.00,In Stock
212 Heroes by Carolina Herrera,Attar,French,₹150.00 - ₹600.00,In Stock
212 Men by Carolina Herrera,Attar,French,₹150.00 - ₹600.00,SOLD OUT
9PM by Afnan,Attar,French,₹100.00 - ₹400.00,SOLD OUT
Al Haramain Torino 21,Attar,French,₹100.00 - ₹400.00,In Stock
Alexandria II Super by Xerjoff,Attar,French,₹250.00 - ₹1000.00,In Stock
Alexandria Eco by Xerjoff,Attar,French,₹100.00 - ₹400.00,In Stock
Angel Elixir by Mugler,Attar,French,₹100.00 - ₹400.00,In Stock
Apple Brandy on the Rocks by Kilian,Attar,French,₹100.00 - ₹400.00,SOLD OUT
Aristocrat by Ajmal,Attar,French,₹150.00 - ₹600.00,SOLD OUT
Azzaro The Most Wanted,Attar,French,₹100.00 - ₹400.00,In Stock
Bath & Body Works 1000 Wishes,Attar,French,₹100.00 - ₹400.00,In Stock
Baccarat Rouge Super by MFK,Attar,French,₹200.00 - ₹800.00,In Stock
Bad Boy by Carolina Herrera,Attar,French,₹100.00 - ₹400.00,In Stock
Bad Boy Extreme by Carolina Herrera,Attar,French,₹100.00 - ₹400.00,SOLD OUT
Black Opium Over Red by YSL,Attar,French,₹100.00 - ₹400.00,SOLD OUT
Bleu de Chanel EDT,Attar,French,₹150.00 - ₹600.00,In Stock
Hugo Boss Bottled Marine,Attar,French,₹150.00 - ₹600.00,In Stock
Hugo Boss Bottled Pacific,Attar,French,₹100.00 - ₹400.00,In Stock
Burberry Body Tender,Attar,French,₹100.00 - ₹400.00,In Stock
Burberry Her,Attar,French,₹100.00 - ₹400.00,In Stock
Burberry Hero,Attar,French,₹100.00 - ₹400.00,In Stock
Burberry Hero Super,Attar,French,₹150.00 - ₹600.00,In Stock
Bvlgari Aqva Amara,Attar,French,₹100.00 - ₹400.00,In Stock
Bvlgari Man in Black Super,Attar,French,₹100.00 - ₹400.00,In Stock
Bvlgari Man Rain Essence,Attar,French,₹100.00 - ₹400.00,In Stock
Can't Stop Loving You by Kilian,Attar,French,₹150.00 - ₹600.00,In Stock
Cartier Declaration,Attar,French,₹100.00 - ₹400.00,SOLD OUT
Cedrat Boise by Mancera,Attar,French,₹150.00 - ₹600.00,In Stock
Centaurus by Creed,Attar,French,₹250.00 - ₹1000.00,SOLD OUT
Carolina Herrera Good Girl,Attar,French,₹100.00 - ₹400.00,In Stock
Chanel Chance,Attar,French,₹100.00 - ₹400.00,In Stock
CR7 by Cristiano Ronaldo,Attar,French,₹100.00 - ₹400.00,In Stock
Green Irish Tweed by Creed,Attar,French,₹250.00 - ₹1000.00,SOLD OUT
